SampleName,Valeric acid,4-Methylvaleric acid,Pyruvic acid,Lactic acid,Hexanoic acid,Alanine,Valine,Octanoic acid,Leucine,Niacin,Isoleucine,Proline,Glycine,Succinic acid,Picolinic acid,Fumaric acid,Serine,Threonine,Glutaric acid,Indole,Decanoic acid,Malic acid,meso_Erythritol,Methionine,Aspartic acid,Cysteine,2_deoxy_Ribose,Ornithine,Glutamic acid,Phenylalanine,Dodecanoic acid,Asparagine,Arabinose,Ribose,Lysine,Rhamnose,Fucose,cis-Aconitic acid,Shikimic acid,Citric acid,Myristic acid,Tryptophol,Tyrosine,Fructose,Allose,Galactose,Glucose,Sorbitol,Dulcitol,Indole-3-acetic acid,Palmitic acid,myo_Inositol,Linoleic acid,cis_Oleic acid,Sucrose,Cellobiose,Melibiose,Coprostanol,Cholesterol,Dihydrocholesterol,Lithocholic/Allolithocholic/Isolithocholic acid,Deoxycholic acid,3-Ketolithocholic acid,Ursodeoxycholic acid,Raffinose,12_Ketolithocholic acid,Cholic/Allocholic acid,5_Oxoproline,N_Acetyl_Glucosamine,alpha_Ketoglutaric acid ,trans_4_Hydroxyproline
ST19,1.888840166,0.022632046,0.039958056,1.126703966,0.105616214,0.701276646,0.514524136,0.098606029,2.203356969,3.006251971,1.192411988,2.83714225,0.130867547,0.516360277,NA,0.212951244,0.668331708,0.400205319,0.295407449,0.089132013,0.03766728,0.043319425,0.062898081,0.290796565,0.257209272,0.016803913,0.967126924,NA,0.892792562,0.323310333,0.117952967,0.13518805,3.014769786,9.237805137,NA,0.113142631,0.15354359,NA,0.027659434,0.101081592,0.779207028,0.010318758,0.805355899,0.754932428,0.9383529,2.091085479,26.07067088,0.071594817,0.077035777,0.091754233,0.737887998,0.343774794,4.142597142,3.58898609,0.396582901,NA,NA,0.505363965,0.276658869,0.158614975,0.677506545,9.139140446,NA,NA,0.043413286,NA,,,,,
ST25,1.138857128,0.020141568,0.027434139,3.015483807,0.150516828,0.833158062,0.59229672,0.152750106,1.130830328,0.137335133,0.843773781,0.750121415,0.068623589,0.124088429,NA,0.089541451,0.205021817,0.074925717,0.025980979,0.107644771,0.163186092,0.030401646,0.060271741,0.459661414,0.051430407,0.029606232,0.121266238,NA,0.124551146,0.181411784,0.430288452,NA,0.127212724,1.757754332,NA,0.07302896,0.088176245,NA,NA,0.033912176,1.758668293,0.017590889,0.233312556,8.717195859,0.563975388,0.655727173,22.71222452,0.029502981,0.016956088,0.01853162,1.129224204,0.455022773,0.324578679,1.455611685,25.93899785,NA,NA,15.25831456,2.017001977,0.553042268,0.689161335,50.5156884,0.022034501,NA,NA,NA,,,,,
ST26,2.336069018,0.027786571,0.047532992,3.878321525,0.22744931,0.480411849,0.492428908,0.187858627,0.973928508,0.692569337,0.891702589,0.803951586,0.080384224,0.42856814,NA,0.17811491,0.374324472,0.107037001,0.020460078,0.099083181,0.136544405,0.037455468,0.058036408,0.245486409,0.042491353,0.017801131,0.240335419,NA,0.056079607,0.056050831,0.356552117,NA,0.138224952,5.523231254,NA,0.047895576,0.164958303,NA,NA,0.034790766,0.977444994,0.014324933,0.342618545,19.42057403,2.783762007,1.337076194,39.54717329,0.037570574,0.008005617,0.039653992,1.097684644,0.521078773,0.342054526,1.857222609,32.76653065,NA,0.15965192,15.09762709,2.085949595,0.475888186,0.642947172,44.46211576,0.027516072,NA,NA,NA,,,,,
ST27,1.034645764,0.029207928,0.141163558,1.119161288,0.112007434,0.221929744,0.684247761,0.098114161,2.063968632,0.809290459,1.356085147,0.871497744,0.179197648,0.095906001,NA,0.09598047,0.313111837,0.130611663,0.033268092,0.025889213,0.36164278,0.013057929,0.23995765,0.11982665,0.050518934,0.009467241,0.136297188,NA,0.209208543,0.093085903,1.444715878,0.013329901,0.224086099,3.925735257,NA,0.09385973,0.059477845,NA,NA,0.084110803,5.542198673,0.025814744,1.01661462,1.018754786,0.380425087,0.847055814,4.054598525,0.180489519,0.023195388,0.055715555,1.672878329,0.445669401,1.037070854,6.457895223,3.451168754,NA,NA,21.74646962,2.092888399,0.646802944,2.310774167,18.62116952,0.030354099,NA,0.122258215,NA,,,,,
ST37,0.029800711,0.009764158,0.223499074,0.354128486,0.047849382,0.127770267,0.826939062,0.028831806,2.252636323,0.058807771,3.012720945,5.69679285,0.276848931,0.215031796,NA,0.419613439,0.293956237,0.675920084,0.075394322,0.015066847,0.021576286,0.096016724,0.810750588,0.114999249,0.675511992,0.046958089,0.096940564,NA,0.354251164,0.594514546,0.113109008,0.099819739,2.748913424,1.660858244,NA,0.301950328,0.436390266,0.561874718,0.602804066,7.552931751,0.393590707,1.494421912,1.161018477,1.275359271,0.535100896,0.209689049,8.365407341,6.786057283,0.813482049,0.038025136,0.816423815,2.055590606,3.392411497,3.010472685,0.672640328,NA,3.099188824,NA,0.323837064,0.134184568,0.014173051,0.227802814,NA,NA,75.42140854,NA,,,,,
ST42,0.044737619,0.011496682,0.007017772,0.117259113,0.052736254,0.055990441,0.447714889,0.077775339,2.952387533,0.028843314,2.155561517,0.31593251,0.093534166,0.023115295,NA,0.113043031,0.05561923,0.120640649,0.009006592,NA,0.042559129,0.005497706,0.068039874,0.022080241,0.135082628,0.055014997,0.050660727,NA,0.194633437,0.338240355,0.212129094,0.046555737,1.010426404,1.613962928,NA,0.15199302,0.157991996,0.003522434,NA,0.169624156,0.387879576,0.132635891,0.911424337,5.282325782,1.498979849,0.383200158,6.743415081,1.660223322,0.069524715,0.004335303,0.674288672,2.533854654,0.283089879,1.287490212,1.03465533,NA,NA,0.26615781,2.561885098,0.129864007,0.012613023,0.081682531,NA,NA,1.042380298,NA,,,,,
ST43,0.037425319,0.012366463,0.00965667,0.101593014,0.044003168,0.064975784,0.618142687,0.081377308,3.189585881,0.014437866,2.188449168,1.195754298,0.11365779,0.018206257,NA,0.105199787,0.039003787,0.052520431,0.008872823,NA,0.113000544,NA,0.053263874,0.017842616,0.111543289,0.049789089,0.055467264,NA,0.125520544,0.165733772,0.403460239,0.039240827,0.943210163,3.056738658,NA,0.121221508,0.392459447,0.003932702,NA,0.13941699,1.068776499,0.079195466,0.97896543,3.255342819,0.770456786,0.462582762,4.736527801,1.679385098,0.039960027,0.006876842,0.732433481,1.660066371,0.368117098,2.070158332,0.748309746,NA,0.131031715,0.631632395,1.989723795,0.137825054,0.008487634,0.051003917,NA,NA,0.682105666,NA,,,,,
ST44,0.037037735,0.013130435,0.050677122,0.246112169,0.067534489,0.119560739,0.729307313,0.038755786,2.415267496,0.013235456,3.157716015,3.840207782,0.150240608,0.071727288,NA,0.10226982,0.078874165,0.186085402,0.043204408,0.009610853,0.061933319,0.003848111,1.142048897,0.148522557,0.29989417,0.042601205,0.065749116,NA,0.216759885,0.415345589,0.350205062,0.055804347,1.288489865,1.36012021,NA,0.160166527,0.427476969,0.037877911,NA,0.375703849,0.867906644,0.161302918,0.484878188,6.843002981,0.65921729,0.12982596,14.41439231,1.731262337,0.105436635,0.17646647,0.775061869,1.325279857,0.107962548,0.830998166,1.464245417,NA,0.113582567,0.18789501,2.336320624,0.124876465,0.004173949,0.048824428,NA,NA,0.534327361,NA,,,,,
ST49,0.035246518,0.008318105,NA,0.071776505,0.072555755,0.087902383,0.644766195,0.09758341,4.093632158,0.017491856,2.359288958,0.47584327,0.145643232,0.022130682,NA,0.119472677,1.775622024,0.790415539,0.009555736,NA,0.096165482,NA,0.048732115,0.133820033,0.773709044,0.066025339,0.03218147,NA,0.344388488,0.410245754,0.302159285,0.025562435,0.452407728,1.833439271,NA,0.063091695,0.0814667,NA,NA,0.116597094,0.703747731,0.14950892,1.398101687,2.880215623,2.316754167,0.58252709,4.230205538,1.414190895,0.080617165,0.004250729,0.736188951,4.117437461,0.395815889,2.048466254,0.871946412,NA,0.117736938,0.149038315,3.372102262,0.164024349,0.006243162,0.021051956,NA,NA,0.756883369,NA,,,,,
ST51,0.045392261,0.009441718,0.008333517,0.208009858,0.07588181,0.134044396,0.499798963,0.104995109,2.563202503,0.015558832,1.517976272,0.431638558,0.049581024,0.019115479,NA,0.175363916,1.048962911,0.407126097,0.011406076,NA,0.069076572,0.004004729,0.034962363,0.100706329,0.240847834,0.044304063,0.016855068,NA,0.082655043,0.155208248,0.297822204,0.026280783,0.582446005,1.453276496,NA,0.072641221,0.088484104,NA,NA,0.103274796,0.591367629,0.133904371,0.617524389,2.944043816,2.172111324,0.378648914,4.112936554,1.405175742,0.036762691,0.005833062,0.755901574,2.591003563,0.312604894,1.56032798,1.099876177,NA,0.076161861,0.090520475,4.187618147,0.160961295,NA,0.026252778,NA,NA,0.447429432,NA,,,,,
ST65,0.04102423,0.01226191,0.024616769,0.187378933,0.118012515,0.082026152,0.571706889,0.129501084,2.685744879,0.052512799,2.934225154,11.55581995,0.375259794,0.038510873,NA,0.119254321,0.127601194,1.313355369,0.009380472,NA,0.104806237,0.003836959,0.099035927,0.03827664,0.488691753,0.080490625,0.025271134,NA,0.087309407,0.046337229,0.315838982,0.024665103,0.617951168,0.92501199,NA,0.063822905,0.084160275,NA,0.211200054,0.080925629,0.633603879,0.073761075,0.19800493,0.991508126,0.118298799,0.555611738,4.03779702,0.028360778,0.061461985,NA,0.816275845,0.067864353,0.196428505,1.301461539,0.750883951,NA,0.04500619,0.034383912,3.231422166,0.157359934,NA,0.034833788,NA,NA,0.422838829,NA,,,,,
ST66,0.0357132,0.02612794,0.13526447,0.28095349,0.119121177,0.062127656,0.170346757,0.042193091,1.301468322,0.232297872,1.461601798,1.068270384,0.272253824,0.045894646,NA,0.111744115,0.084481688,0.285285959,0.021225333,NA,0.05493871,NA,0.570569024,0.07715672,0.349184804,0.057737305,0.054756382,NA,0.201267327,0.1521255,0.290706609,0.071206449,1.363480214,0.828337875,NA,0.130254782,0.220145544,0.014898829,0.324185564,0.216015663,0.440155066,0.140369663,0.128677497,0.955293382,0.175373809,0.562775211,3.531436443,0.080415477,0.102925791,0.060020751,0.749577823,0.069102438,0.247529523,1.080607935,0.90425592,NA,0.045448955,0.026865935,2.069799916,0.08791988,NA,NA,NA,NA,0.819667149,NA,,,,,
ST69,0.049845668,0.030020611,3.935923177,3.304924299,0.179144732,0.061929164,0.279478702,0.048244081,2.071728483,0.355039673,1.742936865,0.347954063,0.188690993,0.171642909,NA,0.093601308,0.149530345,0.137706567,0.025032714,0.006146634,0.061130035,0.004145481,0.771312603,0.165389725,0.224079087,0.054274174,0.031868597,NA,0.271703843,0.158104333,0.317796935,0.05735748,1.378320963,1.064383156,NA,0.155477197,0.302427021,0.010671701,0.312522684,0.093591319,0.395412334,0.103090964,0.054600485,18.25986675,0.21808562,0.344494501,33.74004335,0.094833298,0.133431227,0.092462549,0.693424168,0.362191878,0.073160255,0.510709993,2.530934615,NA,0.228514253,0.055159876,2.314520506,0.102082064,0.010661712,0.009469678,NA,NA,1.027057174,NA,,,,,
ST78,2.489046598,0.013295335,0.265667662,1.842780398,0.077286861,0.596509665,2.212807784,0.102843083,14.37828648,2.528495744,5.936523637,2.613283383,0.282045734,0.373493405,NA,0.325851101,1.053302918,0.594885871,0.141711125,0.118108403,0.030472941,0.028181494,0.039008166,0.801631213,0.654030741,0.022716642,0.200361439,NA,0.485914405,1.545597105,0.135998994,0.246132669,8.496947142,6.200509806,NA,0.137577455,0.318342081,NA,0.017527917,0.091830952,0.671801815,0.029661043,4.848803688,1.033240398,1.188992815,4.61065399,30.78919723,0.07160358,0.070107545,0.149624034,1.036005795,0.400215956,7.324604406,5.687060952,0.625115654,NA,0.118001249,1.4649555,0.404407325,0.315296435,0.399000171,8.424985009,0.008333282,NA,0.031148835,NA,,,,,
ST621,0.702196038,0.035348652,0.190002018,9.749987199,0.12394317,2.57034942,0.91461927,0.140966907,4.135454975,1.460812573,1.95271184,5.286912625,0.231748126,0.80014578,NA,0.310927179,0.895396784,0.36223935,0.167526588,0.12665998,0.052872379,0.196441641,0.309047701,1.367766342,0.397075965,0.029451186,0.073022557,NA,0.300716551,0.37173915,0.202628258,0.077118856,2.578475755,4.963130295,NA,0.167616948,0.077136928,NA,0.086582512,0.264825742,1.041598521,0.028752406,1.021604966,1.728788851,0.538319975,2.74070125,26.18776713,0.440629264,0.088853548,0.192977859,1.390783929,1.963024876,10.87018045,9.036321523,1.89133964,NA,0.102835181,2.74514694,0.956943679,0.503411073,0.344577072,8.080823597,NA,NA,NA,NA,,,,,
ST637,0.046280606,0.014612439,0.052106666,0.815695683,0.05990312,0.135017678,0.878590648,0.084039654,4.844699878,0.092933223,3.021215623,3.629666877,0.203268962,0.051321661,NA,0.528818978,0.311410471,0.917919706,0.009643895,0.00358454,0.024098703,0.131713722,0.181657684,0.202906409,0.938947747,0.054067602,0.084080638,NA,0.413710157,0.6036498,0.104620021,0.219482937,7.792411935,2.393914794,NA,0.372880448,0.516350327,0.005715718,0.940079541,0.329752471,0.358699919,2.284811733,1.121245415,6.378892513,0.671570057,0.773043754,42.20883651,10.37573358,0.506867216,0.021746841,0.780524944,3.233378153,3.845341438,3.424742785,1.074539204,NA,6.624447699,0.060401235,0.27006373,0.173382031,NA,0.033250787,NA,NA,108.3600839,NA,,,,,
ST653,1.344716905,0.011300804,0.161333204,1.321270462,0.066820695,0.462857541,1.394195772,0.081930826,7.552494837,1.161799529,4.518041315,3.913947953,0.220217295,0.276052107,NA,0.400403341,1.263646054,0.581092048,0.028245953,0.123182394,0.024624366,0.121692577,0.133741317,0.578681694,0.984547695,0.027174012,0.222355121,NA,0.420458331,1.124193773,0.088089946,0.224477807,8.256969132,6.559859134,NA,0.196746628,0.261384076,NA,0.044434082,0.073464308,0.455517469,0.035958479,2.297248684,0.43955039,1.055922626,2.875445885,18.10772706,0.036206782,0.060909878,0.185185409,0.760103197,0.584668213,5.129729108,4.12460862,0.191665506,NA,NA,1.899349568,0.477083472,0.371382199,0.166844314,15.6328662,NA,NA,0.02967218,NA,,,,,
ST669,1.306558041,0.021395815,0.073518285,0.927582399,0.096800987,0.425296861,0.622528317,0.106368613,2.748683342,2.286825276,1.688663696,2.866547164,0.257996607,0.383248886,NA,0.26128201,0.568126784,0.382150052,0.055740853,0.043139409,0.032794831,0.068308998,0.102835325,0.273369184,0.251263012,0.018029017,0.105595359,NA,0.504065131,0.460056274,0.122155565,0.117305156,4.251155718,7.733123926,NA,0.099401931,0.133177203,NA,0.023915364,0.055000897,0.647031946,0.011643201,1.171012981,0.508967337,0.78135608,2.076744491,14.50229294,0.065811648,0.044674817,0.161425006,0.92656126,0.397137852,6.096264519,4.915942898,0.226104522,NA,NA,3.098267949,0.536404889,0.578375169,0.74121719,13.73983162,NA,NA,0.054142549,NA,,,,,
ST685,2.999765046,0.035212965,0.533812278,0.748668594,0.187195012,1.104943069,0.876929333,0.043644195,7.199840352,4.001042231,3.884956925,1.331745888,3.136610639,1.924067715,NA,1.455081631,0.296334117,0.167591421,0.21788662,0.143990602,0.029941563,0.171073559,0.92066992,0.687698054,4.097701669,0.003554431,0.061054883,NA,1.226070848,1.156894994,0.113305018,0.093846015,3.10479547,9.311238629,NA,0.113774926,0.31306404,0.024112898,0.02649256,2.229510814,1.056467257,0.064518947,3.742159166,0.763853244,0.435255136,0.96729321,9.867254051,0.156196156,0.341225375,1.792993554,1.359895174,0.453373697,8.535264173,7.228031809,0.396822098,NA,NA,0.982914633,0.33827339,0.211786855,0.346204591,3.147114284,0.009145129,NA,0.307614917,NA,,,,,
RC_Diet,0.041575183,0.023477417,0.318670994,5.62920044,0.074970206,0.322153611,0.70269832,0.081299662,4.072970211,0.508598433,2.320606639,5.958769733,0.12216957,0.745776716,NA,0.629728109,0.79041238,0.341988824,0.027253469,0.008007701,0.025557206,4.386292442,0.54539628,15.12486969,2.634129642,0.008043737,0.00626768,NA,0.143899244,0.771019894,0.148936554,0.078671612,1.813475384,0.214640374,NA,0.308532024,0.039696166,0.023508305,0.811853766,11.05236795,0.130303397,0.002831396,0.755166653,19.96532827,2.105523538,0.577406493,10.94217776,3.237335296,0.134251907,0.134612266,1.107417999,3.987148038,6.706381708,5.103791239,72.72555283,NA,1.930368262,NA,0.362441796,0.016517332,NA,0.020211016,NA,NA,41.63580789,NA,,,,,
WD_Diet,0.028276892,NA,0.595762251,0.7215287,0.164152553,NA,0.005715249,0.21378335,NA,3.186521509,NA,0.003839987,0.025544858,0.05114477,NA,0.049555098,NA,NA,0.006066216,0.003695471,0.457973478,0.045673821,0.098779875,4.652463992,0.103473192,NA,0.018363808,NA,NA,NA,0.989935519,0.007026212,0.143001658,0.29591296,NA,0.293284152,0.084985514,0.030107423,0.025076903,50.52551733,1.052696593,0.027082918,0.011093295,7.021481216,0.209052184,0.05893141,26.34057861,0.094757523,NA,0.004242566,0.771661861,5.360948435,0.152223132,1.148940563,411.5579886,NA,0.692821702,NA,3.664410617,0.013037374,NA,NA,NA,NA,2.027437325,NA,,,,,
HF1114,3.766,,1.129,,0.249,6.991,0.493,0.574,2.443,2.601,1.271,2.739,0.436,5.075,0.319,0.472,0.666,0.248,,0.561,0.143,0.22,0.084,0.965,0.178,3.212,0.272,0.02,0.089,0.276,0.139,,12.191,7.372,0.061,0.061,0.335,,,0.125,1.457,,0.791,0.761,0.049,14.245,79.761,,,,,2.029,11.913,11.913,1.22,,,,,,0.41,9.836,,,,0.135,0.189,0.199,0.881,0.043,0.581
HF1115,1.35,,1.089,,0.29,11.053,1.086,0.753,7.363,3.379,2.736,5.386,0.512,7.71,0.415,0.555,0.84,0.423,,0.844,0.179,0.389,0.139,0.442,0.243,3.358,0.285,0.02,0.159,0.836,0.168,,15.784,8.85,,,0.377,,,0.099,1.623,,6.104,0.905,0.069,14.906,85.571,,,,,1.919,12.876,12.876,0.66,0.52,,,,,0.501,19.087,,0.064,,0.263,0.895,0.305,1.167,0.056,1.908
HF1119,0.11,,0.023,,0.192,2.192,0.454,0.451,2.565,0.546,1.375,0.924,0.142,0.052,0.32,0.133,0.585,0.132,,0.057,0.276,0.016,0.038,0.296,0.073,3.233,0.059,,0.06,0.19,0.423,,0.139,1.532,,,0.013,,,0.025,6.638,,0.587,0.127,0.042,0.299,4.761,,,,,0.195,0.58,0.58,1.698,0.409,,,,,0.743,19.013,,0.037,,0.212,0.094,0.132,0.048,,0.02
HF1120,0.4,,0.058,,0.405,1.459,0.431,0.96,2.159,0.78,1.284,0.61,0.16,0.099,0.528,0.262,0.376,0.105,,0.247,2.146,,0.049,0.229,0.062,3.356,0.067,,0.05,0.142,1.481,,0.175,1.655,,,0.041,,,0.017,9.272,,0.52,0.155,0.03,0.575,3.862,,,,,0.099,2.241,2.241,2.44,,,,,,6.711,168.722,,0.307,,0.528,0.393,0.122,0.154,0.023,0.027
HF1124,6.306,,0.895,,0.203,15.682,0.881,0.364,3.453,5.258,1.779,5.456,0.377,0.629,0.204,0.26,1.018,0.529,,0.126,0.097,0.077,0.088,0.772,0.258,2.264,0.381,0.052,0.561,0.466,0.085,,9.139,19.195,0.339,0.339,0.301,,,0.038,0.672,,0.912,2.674,0.035,10.553,45.515,,,,,0.637,1.246,1.246,0.292,,,,,,0.262,9.08,,0.013,,0.147,0.072,0.637,2.534,0.471,0.332
HF1128,0.287,,0.046,,0.136,2.933,0.738,0.211,3.616,0.78,2.478,2.631,0.125,0.12,0.184,0.158,0.697,0.205,,0.128,0.1,0.031,0.245,0.587,0.757,1.564,0.045,0.008,0.226,0.389,0.08,,0.126,3.603,,,0.033,,,0.059,0.78,,0.955,4.472,0.139,0.502,12.471,,,,,0.211,0.143,0.143,49.781,,,,,,0.682,37.791,,0.363,,0.434,5.003,0.295,0.255,0.011,0.044
HF1150,0.053,,0.073,,0.083,1.309,0.719,0.218,4.367,0.062,2.293,1.151,0.182,0.028,0.201,0.402,1.403,1.429,,,0.049,0.016,0.138,0.301,1.047,3.819,0.049,0.045,0.297,0.593,0.063,0.096,10.437,1.781,0.1,0.1,0.345,,,0.059,0.285,,1.337,2.927,0.174,0.684,10.741,,,,,2.952,1.446,1.446,0.726,,5.904,,,,0.046,1.479,,,145.728,0.048,0.33,0.728,0.99,,0.051
HF1151,0.055,,0.096,,0.089,1.499,0.757,0.232,4.233,0.086,2.421,3.182,0.255,0.031,0.197,0.559,1.545,2.001,,,0.053,0.018,0.139,0.309,1.524,4.016,0.061,0.074,0.432,0.554,,0.195,11.875,1.943,0.187,0.187,0.451,,,0.085,0.285,,1.212,3.223,0.23,1.093,7.603,,,,,2.801,1.18,1.18,0.963,,7.666,,,,0.023,0.543,,,168.391,0.026,0.25,1.004,1.203,,0.282
HF1154,0.034,,0.02,,0.063,0.61,0.82,0.152,4.062,0.037,2.148,8.024,0.176,0.016,0.15,0.092,1.008,0.628,,,0.041,,0.035,0.332,0.446,2.905,0.023,,0.21,0.472,,,0.823,0.595,,,0.059,,,0.127,0.327,,0.709,1.841,0.267,0.099,4.634,,,,,0.699,0.057,0.057,0.65,2.794,0.081,,,,,0.161,,,,0.008,0.064,0.487,0.214,,0.025
HF1155,0.033,,0.038,,0.081,1.017,0.956,0.164,5.689,0.042,2.228,3.23,0.257,0.018,0.171,0.112,1.058,0.682,,,0.052,,0.077,0.503,0.769,3.923,0.049,,0.235,0.853,,,1.636,0.967,,,0.148,,,0.195,0.232,,1.195,3.792,0.422,0.082,14.453,,,,,1.758,0.091,0.091,0.979,4.68,0.16,,,,,0.118,,,,0.007,0.07,0.79,0.364,,0.024
HF1158,0.05,,0.093,,0.091,1.438,0.968,0.234,5.165,0.069,2.97,1.341,0.245,0.027,0.175,0.447,1.958,2.229,,,0.053,0.017,0.146,0.374,1.236,4.051,0.035,0.09,0.361,0.732,,0.271,3.48,1.231,0.209,0.209,0.154,,,0.113,0.316,,1.513,2.143,0.165,0.259,9.878,,,,,2.41,1.777,1.777,0.878,,4.644,,,,,0.089,,,176.521,,0.112,0.847,0.305,,0.096
HF1227,0.037,,0.118,,0.058,0.313,0.482,0.147,2.505,0.113,1.12,0.523,0.109,0.051,0.118,0.322,1.47,2.032,,,0.034,0.015,0.087,0.233,0.832,3.382,0.041,0.046,0.372,0.399,,0.195,1.543,1.61,0.107,0.107,0.07,,,0.104,0.23,,1.092,3.941,0.173,12.235,6.906,,,,,2.927,1.249,1.249,7.511,,3.473,,,,,0.082,,,119.953,0.003,0.055,0.77,0.041,,0.067
HF1228,0.048,,0.491,,0.074,2.277,0.85,0.188,5.243,0.318,2.456,7.089,0.25,0.03,0.141,0.42,1.934,2.044,,,0.042,0.014,0.268,0.36,3.221,3.707,0.321,0.062,0.679,0.591,,0.209,0.563,0.597,0.165,0.165,0.092,,,0.1,0.302,,1.325,4.82,0.277,4.902,3.325,,,,,9.995,1.559,1.559,1.134,0.29,,,,,,0.058,,,,,0.057,1.065,,0.005,0.471
HF1233,0.043,,0.064,,0.07,0.47,0.841,0.187,4.698,0.083,2.634,0.435,0.122,0.024,0.145,0.356,1.609,2.151,,,0.041,0.022,0.088,0.365,1.2,3.905,0.032,0.121,0.351,0.741,0.024,0.278,2.755,0.982,0.327,0.327,0.123,,,0.156,0.297,,1.267,1.672,0.135,0.378,12.076,,,,,3.893,1.668,1.668,0.81,,5.42,,,,,0.053,,,160.725,,0.074,0.831,0.191,,0.045
HF1274A,0.049,,0.55,,0.095,2.333,2.229,0.195,9.886,0.308,5.216,2.87,0.307,0.036,0.161,0.426,0.169,3.698,,,0.043,0.018,0.312,0.627,3.906,3.975,0.111,0.344,0.785,1.37,,0.663,0.781,0.636,0.711,0.711,0.117,,,0.14,0.321,,0.182,2.258,0.14,1.36,0.543,,0.478,,0.478,0.161,1.838,1.838,0.831,0.167,,,,,,0.039,,,,,0.053,1.611,,0.013,0.375
HF1275,0.064,,1.082,,0.137,2.471,1.93,0.233,9.214,0.327,4.782,2.924,0.294,0.05,0.208,0.59,0.152,4.001,,,0.059,0.017,0.388,0.72,4.555,4.249,0.113,0.286,0.744,1.388,,0.499,1.136,0.482,0.495,0.495,0.178,,,0.239,0.366,,0.531,2.039,0.18,0.653,0.655,,0.518,,0.518,0.34,1.912,1.912,0.817,0.196,,,,,,,,,,,0.069,1.686,,0.02,0.238
HF1280,0.057,,0.384,,0.093,3.707,1.888,0.227,9.144,0.377,4.616,6.357,0.506,0.036,0.188,0.682,4.148,3.853,,,0.05,0.016,0.255,0.559,3.468,4.85,0.116,0.176,0.773,1.02,,0.661,2.043,0.673,0.693,0.693,0.185,,,0.083,0.351,,2.827,3.232,0.248,0.973,1.122,,,,,9.529,1.724,1.724,1.135,0.15,,,,,,,,,,,0.065,1.356,,0.018,0.769
HF1298,0.064,,0.719,,0.097,2.476,1.532,0.257,7.041,0.427,3.716,2.773,0.318,0.056,0.202,0.646,0.172,2.253,,,0.065,0.031,0.625,0.47,2.983,3.851,0.104,0.135,0.631,0.912,,0.199,2.057,0.802,0.219,0.219,0.102,,,0.015,0.318,,0.132,0.271,0.128,0.758,0.99,,0.706,,0.706,0.212,2.08,2.08,0.46,0.137,,,,,,,,,,,0.131,1.299,,0.013,0.639
HF1299,0.068,,1.001,,0.11,2.93,2.414,0.26,10.623,0.434,5.785,2.316,0.367,0.045,0.213,0.739,0.159,3.686,,,0.066,0.022,0.566,0.66,4.442,4.697,0.17,0.413,0.852,1.376,,0.676,1.788,0.656,0.776,0.776,0.151,,,0.026,0.363,,0.207,0.255,0.136,0.745,0.703,,0.774,,0.774,0.33,2.544,2.544,0.547,0.236,,,,,,,,,,,0.068,1.714,,0.008,0.51
HF1302,0.048,,0.027,,0.149,1.101,0.645,0.233,3.742,0.073,2.226,1.734,0.184,0.02,0.182,0.175,1.594,0.842,,,0.128,,0.058,0.379,0.514,3.977,0.025,,0.263,0.378,0.083,0.066,1.379,1.401,,,0.129,,,0.151,0.677,,0.958,5.968,0.763,0.249,10.297,,,,,2.636,0.26,0.26,1.396,5.266,0.157,,,,,,,,,,0.071,0.586,0.313,,0.031
HF1304,0.059,,0.376,,0.097,3.932,0.709,0.259,3.373,0.709,1.499,4.114,0.215,3.946,0.198,0.65,0.873,0.164,,,0.064,0.104,0.642,0.311,3.209,4.228,0.06,0.101,0.695,0.43,,,8.79,0.972,,,0.345,,,0.196,0.333,,1.028,1.389,0.148,8.659,1.443,,,,,10.533,2.911,2.911,0.543,,,,,,,,,,,,0.532,1.196,,0.036,0.562
HF1307,0.077,,0.046,,0.316,1.039,0.989,0.429,7.015,0.078,3.402,1.038,0.266,0.041,0.28,0.339,2.937,0.769,,,0.453,,0.094,0.725,0.729,3.841,0.041,,0.263,0.624,0.237,0.075,1.389,3.834,,,0.32,,,0.132,2.003,,2.671,8.83,0.823,1.333,18.262,,,,,7.436,1.202,1.202,2.468,7.049,0.291,,,,,0.113,,,,,0.123,0.712,0.886,,0.047
HF1348,2.524,,0.225,,0.231,9.157,1.794,0.553,11.509,2.611,5.499,4.348,0.49,0.423,0.362,0.758,1.358,0.553,,0.766,0.16,0.262,0.073,0.899,1.499,3.112,0.107,0.058,0.32,1.077,0.1,,10.501,10.418,0.15,0.15,0.329,,,0.042,1.097,,6.443,0.574,0.032,4.956,45.227,,,,,1.332,5.373,5.373,0.379,0.437,,,,,1.224,83.99,,,,0.32,1.78,0.5,0.976,,0.271
HF1349,1.555,,0.455,,0.231,9.919,1.376,0.596,9.247,3.194,4.704,3.427,0.647,0.593,0.44,0.84,0.999,0.582,,1.155,0.167,0.383,0.162,0.768,2.082,3.139,0.276,0.069,0.269,0.786,0.124,,21.816,15.185,,,0.607,,,0.041,1.071,,6.76,1.041,0.069,8.608,76.638,,,,,1.404,10.125,10.125,0.301,1.51,,,,,1.088,92.696,,,,0.596,0.396,0.429,2.02,0.025,0.283
HF1351,0.095,,0.04,,0.287,1.604,0.77,0.458,4.415,0.121,2.879,1.392,0.291,0.041,0.366,0.304,2.083,0.509,,,0.285,,0.085,0.358,0.476,4.244,0.091,,0.151,0.372,0.151,0.05,0.938,2.543,,,0.169,,,0.102,1.445,,1.294,5.275,0.5,0.464,10.187,,,,,6.629,0.959,0.959,1.986,5.98,0.152,,,,,0.833,,,,0.022,0.098,0.481,0.608,,0.035
HF1352,0.055,,0.017,,0.176,0.991,0.747,0.272,3.504,0.091,2.397,0.906,0.191,0.021,0.208,0.149,1.31,0.689,,,0.158,,0.057,0.344,0.391,5.082,0.023,,0.155,0.369,0.098,0.05,0.855,1.708,,,0.102,,,0.099,0.856,,1.154,4.827,0.452,0.193,11.508,,,,,2.354,0.312,0.312,2.17,4.64,0.112,,,,,0.151,,,,,0.059,0.405,0.254,,0.015
HF1354,1.114,,0.296,,0.125,13.743,3,0.295,17.107,1.996,9.811,4.899,0.387,0.351,0.238,0.398,1.692,0.812,,0.627,0.093,0.041,0.168,1.499,3.705,3.09,0.16,0.119,0.367,1.632,0.068,0.101,8.236,9.713,0.313,0.313,0.27,,,0.051,0.499,,5.822,0.679,0.066,3.693,28,,,,,0.874,3.942,3.942,0.239,0.34,,,,,0.405,34.929,,0.05,,0.152,0.839,0.494,0.894,0.011,0.146
HF1357,0.047,,0.067,,0.163,1.038,0.6,0.253,3.341,0.091,1.946,1.641,0.167,0.025,0.204,0.177,1.458,0.675,,,0.18,,0.053,0.366,0.485,4.846,0.021,,0.191,0.379,0.098,0.031,0.617,1.948,,,0.165,,,0.106,0.984,,0.695,2.863,0.324,0.181,7.456,,,,,1.863,0.324,0.324,1.932,3.43,0.074,,,,,0.29,,,,,0.161,0.475,0.229,,0.022
HF2025,1.388,,0.95,,0.089,7.919,1.68,0.187,10.043,1.258,4.843,3.499,0.362,0.317,0.173,0.304,3.052,0.84,,0.14,0.06,0.039,,1.81,1.838,1.527,0.066,0.163,0.698,1.752,0.036,,0.191,8.825,0.348,0.348,0.144,,,0.034,0.603,,3.874,0.305,0.015,3.16,13.999,,,,,0.576,0.239,0.239,1.617,,,,,,0.521,29.933,,0.378,,0.097,3.356,0.835,1,1.035,0.057
HF2044,2.539,,1.556,,0.133,19.688,3.18,0.245,18.916,3.76,9.333,7.58,1.101,0.669,0.236,1.298,5.763,1.881,,0.322,0.068,0.975,0.051,3.247,5.226,2.163,0.393,0.645,1.628,3.299,0.039,,9.108,20.917,1.562,1.562,0.705,,,0.154,0.65,,10.745,2.112,0.062,10.265,49.31,,,,,4.138,2.482,2.482,0.205,0.453,,,,,0.289,13.562,,0.207,,0.051,13.265,2.183,3.332,1.761,0.256
HF2082,0.887,,0.763,,0.085,10.038,1.917,0.15,12.343,1.801,5.61,3.99,0.493,0.265,0.137,0.396,3.397,0.982,,0.101,0.112,0.139,0.021,2.095,4.579,1.777,0.077,0.302,1.05,2.117,0.082,0.292,0.495,9.138,0.524,0.524,0.201,,,0.104,1.314,,4.843,0.537,0.029,2.582,11.16,,,,,1.689,0.527,0.527,1.508,0.068,,,,,0.339,18.665,,0.241,,0.082,3.728,1.23,1.134,1.018,0.08
HF2101,1.401,,1.993,,0.08,15.802,3.363,0.16,18.678,1.558,9.346,6.543,0.499,0.313,0.131,0.368,5.245,1.264,,0.126,0.06,0.134,0.018,3.982,7.679,1.88,0.115,0.652,1.336,3.632,0.036,0.094,0.889,11.138,2.495,2.495,0.188,,,0.095,0.82,,6.139,0.457,0.018,2.142,16.753,,,,,1.241,0.231,0.231,0.549,,,,,,0.416,10.852,,0.041,,0.03,0.491,1.48,1.011,1.754,0.068
HF2120,3.077,,1.528,,0.138,14.629,0.915,0.245,4.06,3.448,2.174,5.011,0.303,1.013,0.186,0.621,1.501,0.641,,0.19,0.062,0.202,0.073,1.038,1.144,1.695,0.206,0.154,0.881,0.806,0.047,,6.887,15.128,0.568,0.568,0.228,,,0.084,0.873,,2.581,1.535,,9.985,42.305,,,,,0.549,3.194,3.194,0.229,,,,,,0.192,9.644,,0.037,,0.094,0.397,1.156,0.991,1.813,0.413
HF2405,0.037,,0.316,,0.087,1.087,0.968,0.175,4.186,0.187,3.195,16.954,0.528,0.034,0.172,0.149,0.642,1.418,,,0.071,,0.083,0.418,2.147,5.577,0.022,0.034,0.348,0.5,0.034,,1.09,0.396,,,0.064,,,0.261,0.394,,0.189,1.291,0.298,0.239,5.51,,,,,0.165,0.23,0.23,0.773,3.176,,,,,,0.157,,,,,0.966,0.876,,0.006,0.036
HF2424,2.75,,2.322,,0.213,24.419,2.877,0.321,15.089,4.267,8.237,7.626,0.742,0.662,0.226,0.71,4.17,1.485,,0.21,0.089,0.3,0.073,2.54,2.443,1.478,0.641,0.294,1.283,2.358,0.059,,7.479,23.935,1.136,1.136,0.41,,,0.108,1.488,,8.81,2.378,,6.098,58.684,,,,,3.597,6.708,6.708,0.344,0.522,,,,,0.426,14.554,,0.034,,0.122,0.351,1.667,2.348,1.962,0.272
HF2462,6.801,,1.571,,0.244,23.15,2.349,0.415,13.772,6.044,7.701,5.798,0.536,1.102,0.291,0.858,4.263,1.461,,0.481,0.104,0.507,0.13,2.737,5.151,2.174,0.853,0.339,1.225,1.959,0.091,,21.147,26.754,1.123,1.123,0.648,,,0.14,1.237,,7.751,3.801,,20.043,99.024,,,,,2.037,6.153,6.153,0.52,,,,,,0.365,17.295,,0.061,,0.201,0.764,1.702,2.326,1.189,0.495
HF2506,2.151,,1.169,,0.097,15.415,2.861,0.19,17.116,1.305,9.214,4.604,0.462,0.657,0.156,0.23,4.302,1.407,,0.155,0.073,0.023,0.015,3.641,2.702,1.899,0.045,0.399,0.742,3.132,0.069,0.137,0.58,8.774,1.478,1.478,0.178,,,0.041,0.625,,5.405,0.604,,3.371,22.571,,,,,0.776,0.33,0.33,1.259,0.125,,,,,0.564,35.335,,0.266,,0.075,0.688,0.81,1.161,0.916,0.048
HF2525,1.533,,0.994,,0.076,20.007,3.461,0.122,17.329,2.009,10.612,9.854,0.641,1.234,0.111,0.506,4.167,1.609,,0.192,0.042,0.196,0.032,3.703,5.859,1.05,0.111,0.709,1.946,3.317,0.022,0.203,2.453,12.88,2.282,2.282,0.442,,,0.034,0.329,,6.174,0.809,0.025,9.93,15.68,,,,,0.957,0.716,0.716,0.115,0.143,,,,,0.126,9.602,,0.02,,0.055,0.428,1.822,3.158,0.838,0.144
HF2563,2.442,,0.989,,0.11,18.962,1.706,0.185,9.382,2.802,5.081,4.997,0.392,0.841,0.159,0.616,2.678,1.107,,0.21,0.047,0.244,0.042,1.832,2.108,1.452,0.306,0.254,1.471,1.562,0.049,0.142,5.947,16.88,0.695,0.695,0.333,,,0.045,0.589,,4.24,1.289,,9.85,34.368,,,,,0.826,4.505,4.505,0.217,0.384,,,,,0.356,19.226,,0.055,,0.106,3.597,1.566,2.395,1.278,0.22
HF2582,1.736,,0.385,,0.092,13.179,1.518,0.176,8.208,1.984,4.758,4.399,0.308,1.226,0.153,0.966,2.077,0.748,,0.107,0.048,0.457,0.033,1.414,2.203,1.612,0.118,0.223,0.742,1.204,0.039,0.045,3.061,13.416,0.48,0.48,0.169,,,0.035,0.478,,3.012,0.768,,2.604,26.544,,,,,1.01,1.427,1.427,0.134,0.164,,,,,0.159,6.659,,0.013,,0.031,0.158,0.834,1.005,0.2,0.198
HF2601,1.998,,1.443,,0.271,10.589,2.301,0.279,12.657,1.709,6.243,5.778,0.642,4.464,0.197,0.984,3.844,1.468,,0.177,0.365,0.359,0.04,2.838,4.014,2.343,0.183,0.3,0.923,2.073,0.255,0.159,2.05,13.365,0.795,0.795,0.309,,,0.149,3.67,,4.845,1.479,0.132,7.575,32.67,,,,,0.869,2.04,2.04,1.568,0.626,,,,,1.705,22.494,,0.028,,0.022,0.484,1.064,2.266,1.3,0.078
HF2620,0.301,,0.29,,0.093,25.222,5.421,0.17,19.443,1.306,14.07,3.151,0.212,2.917,0.152,0.757,1.753,0.697,,0.21,0.043,0.21,0.027,2.5,3.054,1.471,0.123,0.35,0.524,3.372,0.038,0.125,2.406,10.831,0.953,0.953,0.165,,,0.03,0.65,,7.622,0.845,,2.862,34.483,,,,,0.495,2.211,2.211,0.136,,,,,,0.158,13.202,,0.07,,0.023,5.278,0.584,0.881,0.038,0.074
HF2753,1.544,,0.299,,0.132,22.845,4.9,0.209,24.929,1.836,17.871,10.561,0.594,0.54,0.164,0.496,5.152,2.58,,0.12,0.073,0.227,0.051,3.612,7.928,1.88,0.988,0.236,1.26,3.701,0.044,0.374,6.598,13.849,2.224,2.224,0.34,,,0.032,0.525,,9.609,1.261,0.026,3.919,32.938,,,,,1.132,2.226,2.226,0.809,0.276,,,,,0.198,9.995,,0.023,,0.037,0.221,1.282,1.253,0.108,0.211
HF2772,1.971,,0.289,,0.103,16.571,2.808,0.178,15.495,2.052,10.128,6.832,0.339,0.519,0.162,0.472,2.636,1.234,,0.111,0.051,0.146,0.033,2.493,4.68,1.934,0.092,0.221,0.956,2.222,0.034,0.121,4.562,11.648,1.018,1.018,0.094,,,0.04,0.402,,4.495,0.592,0.024,2.045,23.174,,,,,0.38,2.842,2.842,0.155,0.444,,,,,0.264,7.257,,0.008,,0.043,0.084,0.983,0.44,0.118,0.167
HF2791,0.028,,0.402,,0.104,1.207,1.344,0.151,6.578,0.179,4.574,18.78,0.762,0.034,0.148,0.134,0.448,1.729,,,0.095,,0.041,0.726,2.301,4.861,0.012,0.072,0.495,0.981,0.043,0.167,0.477,0.227,,,0.043,,,0.134,0.42,,0.423,0.674,0.142,0.182,2.991,,,,,0.172,0.157,0.157,1.111,2.198,,,,,,0.199,,,,,0.044,1.012,0.022,0.003,0.025
HF2810,0.039,,1.716,,0.076,3.481,0.927,0.167,3.45,0.389,2.338,22.001,0.585,1.532,0.143,0.159,0.234,4.675,,,0.059,0.011,0.188,0.458,2.705,5.06,0.024,0.136,0.996,0.431,0.039,0.19,0.762,1.44,0.161,0.161,7.418,,,0.095,0.305,,0.089,0.949,0.224,8.31,3.959,,0.264,,0.264,0.116,0.08,0.08,,3.568,,,,,,0.076,,,,,0.062,1.32,2.157,0.01,0.051
HF2829,3.246,,0.27,,0.118,18.268,3.033,0.22,18.851,2.651,11.062,5.741,0.492,0.422,0.187,0.606,3.421,1.359,,0.152,0.068,0.089,0.047,3.381,7.699,2.414,0.294,0.623,1.319,2.738,0.043,0.207,7.307,15.161,1.585,1.585,0.145,,,0.068,0.528,,6.527,1.796,1.549,4.796,45.675,,,,,0.8,3.586,3.586,0.238,0.428,,,,,0.172,2.371,,,,0.02,0.115,1.44,0.745,0.207,0.19
HF2848,0.045,,2.52,,0.107,5.09,2.771,0.211,16.838,0.373,9.54,18.534,0.93,0.049,0.176,0.209,0.587,2.438,,,0.123,0.009,0.064,1.754,3.777,6.222,0.039,0.308,0.64,2.009,0.072,0.456,0.648,0.964,0.38,0.38,0.068,,,0.123,0.622,,0.53,0.919,0.17,0.414,2.191,,,,,0.624,0.378,0.378,0.972,2.823,,,,,,0.076,,,,,0.095,1.175,0.02,0.005,0.051
HF2981,2.499,,0.616,,0.127,29.054,5.183,0.223,25.749,3.37,17.28,12.359,0.912,2.26,0.206,0.72,1.386,2.853,,0.223,0.075,0.192,0.11,3.85,10.967,1.626,0.637,0.564,2.054,3.641,0.048,0.395,5.503,18.795,2.357,2.357,0.217,,,0.061,0.591,,11.076,3.264,,2.985,34.183,,,,,1.562,3.048,3.048,0.227,0.516,,,,,0.301,8.501,,,,0.041,0.1,2.239,0.944,0.407,0.385
HF3000,0.773,,0.385,,0.059,10.775,3.692,0.107,20.008,0.834,12.358,7.09,0.777,0.545,0.131,0.216,3.496,1.736,,0.067,0.076,0.011,0.021,2.935,3.837,1.344,0.103,0.138,0.889,3.276,0.056,1.383,0.191,3.236,0.689,0.689,0.109,,,0.136,0.72,,3.419,0.904,0.116,2.115,15.996,,0.306,,0.306,0.705,0.172,0.172,0.667,0.086,,,,,0.277,19.351,,0.207,,0.017,3.984,1.361,1.3,0.196,0.078
HF3019,1.708,,0.283,,0.135,18.43,4.24,0.217,24.573,1.136,15.823,7.805,0.514,1.142,0.177,0.35,5.252,2.004,,0.214,0.062,0.062,0.092,3.377,4.213,2.718,0.235,0.286,0.758,3.547,0.038,0.472,10.473,9.784,1.35,1.35,0.712,,,0.024,0.445,,10.056,0.601,0.036,13.899,47.751,,,,,2.445,3.524,3.524,0.148,0.582,,,,,0.197,15.572,,0.042,,0.016,1.049,0.865,2.005,0.038,0.118
HF3057,0.066,,0.196,,0.079,6.38,5.216,0.127,15.328,0.536,12.189,5.014,0.798,0.247,0.141,0.252,2.932,0.875,,0.067,0.079,0.028,0.027,3.103,11.699,1.962,0.085,0.384,2.15,3.095,0.054,1.283,0.1,2.686,0.737,0.737,0.352,,,0.172,0.778,,2.191,0.209,0.069,3.359,7.058,,0.066,,0.066,0.139,0.537,0.537,0.195,,,,,,0.009,0.251,,0.166,,,7.792,2.406,0.578,0.064,0.121
HF3095,2.087,,1.186,,0.135,18.425,3.334,0.214,20.281,2.469,9.672,5.708,1.236,0.337,0.194,0.698,5.622,1.887,,0.174,0.385,0.217,0.03,3.006,6.08,1.951,0.188,0.5,1.413,2.931,0.292,1.021,1.18,12.56,1.295,1.295,0.346,,,0.127,3.327,,8.941,0.78,0.03,5.676,29.118,,,,,3.832,0.581,0.581,2.291,0.029,,,,,0.415,38.463,,0.592,,0.149,11.643,2.04,2.333,1.036,0.15
HF3114,3.73,,1.253,,0.139,26.379,2.242,0.203,11.158,3.43,5.061,8.268,0.549,0.875,0.163,0.399,1.613,1.297,,0.249,0.065,0.244,0.079,1.64,1.408,1.457,0.85,0.19,1.299,1.688,0.074,0.11,8.704,18.661,1.348,1.348,0.295,,,0.037,0.581,,4.496,4.35,,4.303,47.979,,,,,1.819,3.185,3.185,0.164,0.395,,,,,0.233,11.078,,0.016,,0.073,0.128,1.595,1.485,0.771,0.322
HF3133,1.082,,1.262,,0.098,15.24,1.753,0.153,8.653,1.69,4.811,5.867,0.527,0.476,0.144,0.409,1.376,0.79,,0.084,0.279,0.106,0.028,1.919,3.472,1.488,0.231,0.275,1.137,1.446,0.207,0.114,2.875,12.707,0.244,0.244,0.095,,,0.098,2.402,,2.797,0.676,0.025,1.895,18.693,,,,,0.861,0.371,0.371,1.686,0.033,,,,,0.653,27.673,,0.114,,0.088,0.269,1.185,0.656,1.154,0.067
HF3171,4.28,,1.431,,0.118,19.447,1.171,0.203,5.886,3.596,2.627,5.655,0.489,1.034,0.187,0.383,1.652,0.463,,0.327,0.062,0.237,0.053,1.428,1.456,1.472,0.259,0.162,1.027,1.121,0.073,0.107,3.408,15.857,0.911,0.911,0.258,,,0.035,0.566,,3.563,1.181,0.053,6.274,35.32,,,,,2.455,3.042,3.042,0.184,,,,,,0.206,17.859,,0.028,,0.045,0.852,1.208,1.376,1.149,0.259
HF450,0.112,,0.054,,0.122,2.217,0.508,0.268,1.987,0.968,1.465,1.403,0.08,0.063,0.132,0.104,0.468,0.143,,0.103,0.123,0.013,0.064,0.523,0.246,2.648,0.028,0.014,0.151,0.22,0.12,,0.105,3.431,,,0.046,,,0.045,2.015,,0.572,2.496,0.054,0.851,14.136,,,,,0.328,0.087,0.087,14.267,0.54,,,,,1.116,32.759,,0.298,,0.37,1.726,0.194,0.228,0.019,0.015
HF456,1.516,,0.573,,0.163,6.221,0.681,0.412,4.763,1.874,1.967,3.234,0.354,2.598,0.164,0.34,0.902,0.287,,0.646,0.1,0.242,0.055,0.495,0.266,2.935,0.216,0.026,0.15,0.613,0.088,,10.247,5.405,0.11,0.11,0.207,,,0.102,1.049,,1.744,0.657,0.04,4.69,46.162,,,,,0.722,7.455,7.455,0.401,0.246,,,,,0.373,11.035,,0.017,,0.191,0.186,0.23,0.716,0.04,0.417
HF477,0.045,,0.067,,0.076,1.666,1.037,0.2,6.612,0.067,3.25,1.303,0.178,0.027,0.166,0.353,1.585,1.841,,,0.046,0.012,0.109,0.429,1.196,3.969,0.055,0.113,0.334,0.964,0.014,0.217,4.922,2.471,0.193,0.193,0.303,,,0.067,0.35,,1.752,1.692,0.136,0.392,10.943,,,,,2.203,2.321,2.321,0.699,,5.367,,,,,0.496,,,137.681,0.024,0.516,0.829,0.597,,0.075
HF506,0.041,,0.06,,0.072,0.755,0.721,0.189,3.95,0.086,2.173,0.579,0.127,0.024,0.118,0.378,1.463,1.816,,,0.04,0.016,0.065,0.309,1.285,3.783,0.043,0.122,0.364,0.669,0.024,0.206,1.656,1.698,0.25,0.25,0.113,,,0.148,0.304,,0.976,2.207,0.141,0.328,3.803,,,,,3.718,1.989,1.989,0.808,,4.282,,,,,0.077,,,136.168,,0.068,0.819,0.168,,0.045
HF522,0.039,,0.298,,0.07,1.404,1.073,0.179,5.498,0.215,2.52,1.122,0.131,0.027,0.116,0.274,0.14,2.645,,,0.041,0.011,0.176,0.42,1.969,3.969,0.043,0.476,0.577,0.824,0.015,0.297,0.527,0.607,0.761,0.761,0.128,,,0.054,0.268,,0.061,1.421,0.083,1.068,0.335,,0.43,,0.43,0.197,1.648,1.648,0.67,,,,,,,0.021,,,,,0.037,0.958,,0.005,0.125
HF536,0.045,,0.023,,0.18,0.863,0.482,0.26,2.326,0.075,1.522,0.806,0.115,0.023,0.144,0.146,1.221,0.576,,,0.198,,0.045,0.301,0.389,4.214,0.027,,0.199,0.274,0.102,0.05,0.946,2.149,,,0.224,,,0.105,1.034,,0.698,4.274,0.466,0.422,7.617,,,,,1.966,0.302,0.302,1.887,3.613,,,,,,,,,,,0.121,0.439,0.295,,0.014
HF538,0.123,,0.261,,0.092,4.947,1.278,0.231,6.586,1.27,3.024,11.257,0.192,0.143,0.16,0.422,0.712,0.296,,0.244,0.05,0.045,1.528,1.033,1.51,2.672,0.058,0.118,0.451,0.874,0.032,,4.714,5.444,0.184,0.184,0.069,,,0.052,0.539,,1.574,0.431,0.03,2.68,21.011,,1.609,,1.609,0.111,3.283,3.283,0.332,,,,,,,,,0.034,,,3.9,0.619,0.281,0.01,1.425
HF554,1.634,,0.332,,0.223,3.882,0.451,0.513,3.212,3.014,1.478,2.578,0.264,0.889,0.298,0.796,0.694,0.288,,0.635,0.114,0.483,0.062,0.36,1.02,2.908,0.24,0.073,0.221,0.347,0.1,,6.711,11.206,0.085,0.085,0.189,,,0.023,1.063,,1.893,0.688,0.039,4.144,37.646,,,,,0.806,7.694,7.694,0.517,0.32,,,,,1.138,33.256,,0.049,,0.197,0.328,0.353,0.673,0.023,0.302
HF560,0.042,,0.024,,0.135,0.854,0.592,0.213,2.742,0.066,1.796,1.516,0.131,0.019,0.174,0.116,1.2,0.851,,,0.114,,0.044,0.336,0.404,5.184,0.03,,0.198,0.314,0.064,0.068,0.965,2.262,,,0.177,,,0.108,0.678,,0.79,5.233,0.48,,9.854,,,,,1.723,0.16,0.16,4.956,3.431,,,,,,0.153,,,,,0.093,0.437,0.25,,0.022
HF562,1.423,,0.193,,0.183,3.863,0.391,0.442,2.286,3.164,1.445,1.763,0.206,0.649,0.268,0.592,0.564,0.288,,0.423,0.106,0.633,0.055,0.329,1.004,2.601,0.147,0.036,0.177,0.243,0.078,,4.088,12.362,,,0.214,,,0.007,1.012,,1.198,0.374,,4.251,34.03,,,,,0.906,8.078,8.078,0.249,0.507,,,,,1.578,92.195,,0.108,,0.172,0.492,0.273,1.005,0.011,0.125
HF569,0.047,,0.029,,0.122,0.936,1.09,0.232,7.632,0.069,3.829,2.352,0.312,0.026,0.199,0.163,2.788,1.565,,,0.133,,0.052,0.621,1.53,5.075,0.04,,0.453,0.905,0.062,0.102,0.627,3.603,,,0.192,,,0.114,0.771,,2.378,2.585,0.373,0.483,5.91,,,,,4.915,0.49,0.49,1.277,3.313,,,,,,0.239,,,,,0.204,0.945,0.468,,0.046
HF571,1.312,,0.222,,0.141,3.675,0.428,0.341,2.58,1.589,1.4,2.75,0.23,1.154,0.176,0.284,0.648,0.237,,0.232,0.081,0.166,,0.331,0.386,2.713,0.091,0.041,0.122,0.32,0.056,,5.773,5.706,,,0.168,,,0.118,0.944,,1.194,0.369,0.034,3.085,25.194,,,,,0.823,8.622,8.622,0.266,0.347,,,,,0.892,26.017,,0.073,,0.075,1.298,0.201,0.447,0.009,0.267